step,inference_time_sec,action_dx,action_dy,action_dz,action_droll,action_dpitch,action_dyaw,action_gripper,timestamp
0,0.2806,-0.004157,0.002902,-0.000659,0.0,0.0,0.0,0.0,13:13:32.777967
1,0.248,-0.003752,0.007715,-0.00212,0.0,0.0,0.0,0.0,13:13:33.551257
2,0.2451,-0.001828,0.010975,-0.001024,0.0,0.0,0.0,0.0,13:13:34.327633
3,0.2522,-0.001828,0.010975,-0.001024,0.0,0.0,0.0,0.0,13:13:35.080470
4,0.3077,-0.001828,0.010975,-0.001024,0.0,0.0,0.0,0.0,13:13:35.886171
5,0.269,-0.001828,0.010975,-0.001024,0.0,0.0,0.0,0.0,13:13:36.658257
6,0.2431,-0.001828,0.011803,7.2e-05,0.0,0.0,0.0,0.0,13:13:37.398833
7,0.2272,-0.001929,0.011803,7.2e-05,0.0,0.0,0.0,0.0,13:13:38.133711
8,0.2286,-0.001929,0.011803,7.2e-05,0.0,0.0,0.0,0.0,13:13:38.861101
9,0.3072,-0.001524,0.011803,0.001777,0.0,0.0,0.0,0.0,13:13:39.659258
10,0.2438,-0.001524,0.011803,0.001777,0.0,0.0,0.0,0.0,13:13:40.398018
11,0.423,-0.001524,0.011803,0.001777,0.0,0.0,0.0,0.0,13:13:41.317665
12,0.238,-0.001524,0.011234,0.00263,0.0,0.0,0.0,0.0,13:13:42.057219
13,0.2159,-0.001119,0.007508,0.001412,0.0,0.0,0.0,0.0,13:13:42.771027
14,0.2228,-0.001119,0.007508,0.001412,0.0,0.0,0.0,0.0,13:13:43.492030
15,0.2192,-0.000916,0.006369,0.00129,0.0,0.0,0.0,0.0,13:13:44.207570
16,0.2355,-0.000916,0.006369,0.00129,0.0,0.0,0.0,0.0,13:13:44.941734
17,0.2179,-0.000916,0.006369,0.00129,0.0,0.0,0.0,0.0,13:13:45.653341
18,0.2273,-0.000916,0.006369,0.00129,0.0,0.0,0.0,0.0,13:13:46.375910
19,0.2333,-0.000916,0.004713,0.001046,0.0,0.0,0.0,0.0,13:13:47.110243
20,0.2323,-0.000916,0.004713,0.001046,0.0,0.0,0.0,0.0,13:13:47.838948
21,0.2217,-0.000714,0.00461,0.000925,0.0,0.0,0.0,0.0,13:13:48.556406
22,0.222,-0.000916,0.004713,0.000925,0.0,0.0,0.0,0.0,13:13:49.271724
23,0.2294,-0.000916,0.004713,0.001046,0.0,0.0,0.0,0.0,13:13:49.989905
24,0.2266,-0.000613,0.00373,0.000803,0.0,0.0,0.0,0.0,13:13:50.708964
25,0.2158,-0.000613,0.00373,0.000803,0.0,0.0,0.0,0.0,13:13:51.414480
26,0.5209,-0.000613,0.00373,0.000803,0.0,0.0,0.0,0.0,13:13:52.439990
27,0.2488,-0.000613,0.00373,0.000803,0.0,0.0,0.0,0.0,13:13:53.201649
28,0.2161,-0.000613,0.00373,0.000803,0.0,0.0,0.0,0.0,13:13:53.917457
29,0.2248,-0.000613,0.00373,0.000803,0.0,0.0,0.0,0.0,13:13:54.632202
30,0.2159,-0.000613,0.00373,0.000803,0.0,0.0,0.0,0.0,13:13:55.343559
31,0.2332,-0.000613,0.00373,0.000803,0.0,0.0,0.0,0.0,13:13:56.072747
32,0.2278,-0.000613,0.00373,0.000803,0.0,0.0,0.0,0.0,13:13:56.798997
33,0.2164,-0.000613,0.00373,0.000803,0.0,0.0,0.0,0.0,13:13:57.508651
34,0.2263,-0.000613,0.003626,0.000803,0.0,0.0,0.0,0.0,13:13:58.232493
35,0.6074,-0.000613,0.003626,0.000803,0.0,0.0,0.0,0.0,13:13:59.339175
36,0.2304,-0.000714,0.004403,-0.001268,0.0,0.0,0.0,0.0,13:14:00.065270
37,0.2493,-0.000916,0.004713,-0.001268,0.0,0.0,0.0,0.0,13:14:00.812152
38,0.2181,-0.000714,0.004868,-0.001268,0.0,0.0,0.0,0.0,13:14:01.517942
39,0.2705,-0.000916,0.004713,-0.001268,0.0,0.0,0.0,0.0,13:14:02.294341
40,0.2229,-0.000613,0.00461,-0.001268,0.0,0.0,0.0,0.0,13:14:03.010756
41,0.2569,-0.000613,0.003212,0.000681,0.0,0.0,0.0,0.0,13:14:03.757679
42,0.2201,-0.000714,0.003161,0.000681,0.0,0.0,0.0,0.0,13:14:04.472116
43,0.2222,-0.000714,0.003161,0.000681,0.0,0.0,0.0,0.0,13:14:05.181658
44,0.2167,-0.000916,0.004558,-0.001268,0.0,0.0,0.0,0.0,13:14:05.890786
45,0.4383,-0.001018,0.006783,0.015661,0.0,0.0,0.0,0.0,13:14:06.829807
46,0.2157,-0.000916,0.004558,-0.001268,0.0,0.0,0.0,0.0,13:14:07.544195
47,0.2241,-0.001018,0.004817,-0.001268,0.0,0.0,0.0,0.0,13:14:08.262628
48,0.2143,-0.001018,0.006783,0.016148,0.0,0.0,0.0,0.0,13:14:08.975467
49,0.2572,-0.001018,0.005075,-0.001268,0.0,0.0,0.0,0.0,13:14:09.727100
50,0.236,-0.001018,0.004817,-0.007357,0.0,0.0,0.0,0.0,13:14:10.452531
51,0.2516,-0.001018,0.006783,-0.010889,0.0,0.0,0.0,0.0,13:14:11.196180
52,0.2252,-0.000309,0.000832,-0.014786,0.0,0.0,0.0,0.0,13:14:11.912642
53,0.2438,9.6e-05,-0.000514,-0.011132,0.0,0.0,0.0,0.0,13:14:12.655130
54,0.3419,9.6e-05,-0.000514,-0.011132,0.0,0.0,0.0,0.0,13:14:13.489132
55,0.2318,9.6e-05,-0.000514,-0.011132,0.0,0.0,0.0,0.0,13:14:14.219906
56,0.2268,9.6e-05,-0.000514,-0.011132,0.0,0.0,0.0,0.0,13:14:14.943013
57,0.2458,0.000299,0.001142,0.000316,0.0,0.0,0.0,0.0,13:14:15.687028
58,0.2179,0.000299,0.001142,0.000316,0.0,0.0,0.0,0.0,13:14:16.405116
59,0.2275,0.000299,0.001142,0.000316,0.0,0.0,0.0,0.0,13:14:17.130388
60,0.2148,0.000299,0.001142,0.000316,0.0,0.0,0.0,0.0,13:14:17.842939
61,0.2152,0.000299,0.001298,0.000316,0.0,0.0,0.0,0.0,13:14:18.557863
62,0.2227,0.000299,0.001298,0.000316,0.0,0.0,0.0,0.0,13:14:19.276000
63,0.2151,0.000299,0.001298,0.000316,0.0,0.0,0.0,0.0,13:14:19.982163
64,0.2155,0.000299,0.001298,0.000316,0.0,0.0,0.0,0.0,13:14:20.694516
65,0.4751,0.000299,0.001298,0.000316,0.0,0.0,0.0,0.0,13:14:21.663035
66,0.2283,0.000299,0.001298,0.000316,0.0,0.0,0.0,0.0,13:14:22.395266
67,0.24,0.000299,-0.001238,-0.008818,0.0,0.0,0.0,0.0,13:14:23.135698
68,0.2172,0.000299,-0.001031,-0.006017,0.0,0.0,0.0,0.0,13:14:23.854227
69,0.2613,0.000198,-0.001031,-0.006017,0.0,0.0,0.0,0.0,13:14:24.612492
70,0.2308,0.000198,-0.001031,-0.004556,0.0,0.0,0.0,0.0,13:14:25.345413
71,0.2944,9.6e-05,-0.000824,-0.003338,0.0,0.0,0.0,0.996078,13:14:26.145282
72,0.2131,0.000198,-0.000617,-0.003216,0.0,0.0,0.0,0.996078,13:14:27.072371
73,0.2196,9.6e-05,-0.000462,-0.001633,0.0,0.0,0.0,0.996078,13:14:28.044504
74,0.2371,0.000198,-0.000617,-0.002364,0.0,0.0,0.0,0.996078,13:14:29.320172
75,0.2184,9.6e-05,-0.000462,0.000437,0.0,0.0,0.0,0.996078,13:14:30.666191
76,0.2561,9.6e-05,4e-06,-0.000172,0.0,0.0,0.0,0.996078,13:14:31.821193
77,0.2301,9.6e-05,-0.000462,0.000437,0.0,0.0,0.0,0.996078,13:14:32.812136
78,0.236,9.6e-05,0.000366,0.000316,0.0,0.0,0.0,0.996078,13:14:33.890806
79,0.2347,0.000198,-0.000462,7.2e-05,0.0,0.0,0.0,0.996078,13:14:34.864501
80,0.3162,0.000198,-0.000565,-0.002242,0.0,0.0,0.0,0.996078,13:14:36.053861
81,0.2319,9.6e-05,-0.000462,-0.004069,0.0,0.0,0.0,0.0,13:14:37.176764
82,0.2621,0.000198,-0.000462,7.2e-05,0.0,0.0,0.0,0.996078,13:14:38.358106
83,0.781,0.000198,-0.000462,7.2e-05,0.0,0.0,0.0,0.996078,13:14:39.993751
84,0.2345,0.000198,-0.000462,7.2e-05,0.0,0.0,0.0,0.996078,13:14:41.129063
85,0.2328,0.000198,-0.000462,7.2e-05,0.0,0.0,0.0,0.996078,13:14:42.202410
86,0.2468,9.6e-05,-0.000358,-0.001511,0.0,0.0,0.0,0.996078,13:14:43.139232
87,0.2436,9.6e-05,-0.000358,-0.001633,0.0,0.0,0.0,0.996078,13:14:44.157152
88,0.2409,-5e-06,4e-06,-5e-05,0.0,0.0,0.0,0.996078,13:14:45.008089
89,0.2427,9.6e-05,-0.000462,-0.004069,0.0,0.0,0.0,0.0,13:14:46.035492
90,0.2703,-5e-06,4e-06,-5e-05,0.0,0.0,0.0,0.996078,13:14:47.161001
91,0.2286,9.6e-05,-0.000358,-0.001511,0.0,0.0,0.0,0.996078,13:14:48.345562
92,0.2321,-5e-06,4e-06,-5e-05,0.0,0.0,0.0,0.996078,13:14:49.615513
93,0.2182,9.6e-05,-0.000462,-0.004069,0.0,0.0,0.0,0.0,13:14:50.549416
94,0.4645,-5e-06,4e-06,-5e-05,0.0,0.0,0.0,0.996078,13:14:51.879343
95,0.4798,-5e-06,4e-06,-5e-05,0.0,0.0,0.0,0.996078,13:14:53.223552
96,0.2546,-5e-06,4e-06,-5e-05,0.0,0.0,0.0,0.996078,13:14:54.189927
97,0.2517,-5e-06,4e-06,-5e-05,0.0,0.0,0.0,0.996078,13:14:55.208351
98,0.2655,-5e-06,4e-06,-5e-05,0.0,0.0,0.0,0.996078,13:14:56.260993
99,1.0374,-5e-06,4e-06,-5e-05,0.0,0.0,0.0,0.996078,13:14:58.049689
100,0.5842,-5e-06,4e-06,-5e-05,0.0,0.0,0.0,0.996078,13:14:59.339846
101,0.2817,-5e-06,4e-06,-5e-05,0.0,0.0,0.0,0.996078,13:15:00.313510
102,0.594,-5e-06,4e-06,-5e-05,0.0,0.0,0.0,0.996078,13:15:01.594834
103,0.2786,-5e-06,4e-06,-5e-05,0.0,0.0,0.0,0.996078,13:15:02.563040
104,0.9941,-5e-06,4e-06,-5e-05,0.0,0.0,0.0,0.996078,13:15:04.231825
105,0.2449,-5e-06,4e-06,-5e-05,0.0,0.0,0.0,0.996078,13:15:05.139203
106,0.4829,9.6e-05,-0.000307,-0.001511,0.0,0.0,0.0,0.996078,13:15:06.290332
